{
	"configs" : [
		{
			"remarks" : "free-trial",
			"id" : "579AA0D2BD1BFF3A7597AB43C2B83E09",
			"server" : "free.netflybit.top",
			"server_port" : 8088,
			"server_udp_port" : 0,
			"password" : "foobar",
			"method" : "aes-256-cfb",
			"protocol" : "origin",
			"protocolparam" : "",
			"obfs" : "http_simple",
			"obfsparam" : "bing.com",
			"remarks_base64" : "ZnJlZS10cmlhbA",
			"group" : "FreeSSR-public-201810-expire",
			"enable" : true,
			"udp_over_tcp" : false
		}
	],
	"index" : 0,
	"random" : true,
	"sysProxyMode" : 2,
	"shareOverLan" : false,
	"localPort" : 1080,
	"localAuthPassword" : "qNiaLlVid8_d9XtKsq1q",
	"dnsServer" : "",
	"reconnectTimes" : 2,
	"randomAlgorithm" : 3,
	"randomInGroup" : false,
	"TTL" : 0,
	"connectTimeout" : 5,
	"proxyRuleMode" : 2,
	"proxyEnable" : false,
	"pacDirectGoProxy" : false,
	"proxyType" : 0,
	"proxyHost" : null,
	"proxyPort" : 0,
	"proxyAuthUser" : null,
	"proxyAuthPass" : null,
	"proxyUserAgent" : null,
	"authUser" : null,
	"authPass" : null,
	"autoBan" : false,
	"sameHostForSameTarget" : false,
	"keepVisitTime" : 180,
	"isHideTips" : false,
	"nodeFeedAutoUpdate" : true,
	"serverSubscribes" : [

	],
	"token" : {

	},
	"portMap" : {

	}
}